id,room_name,user_name,message,reply_message,reply_author,timestamp,liked_by
1065,1,yu kai,恩恩,,,2025-06-29T02:44:58.087084+00:00,[]
1066,1,yu kai,像是把我們都喜歡的共同內容,,,2025-06-29T02:45:22.163732+00:00,[]
1067,1,yu kai,湊成一個都滿意的故事,,,2025-06-29T02:45:44.110194+00:00,[]
1068,1,yu kai,可能創作氣來會更容易些,,,2025-06-29T02:46:05.587973+00:00,[]
1069,1,yu kai,起來,,,2025-06-29T02:46:10.401068+00:00,[]
1070,1,yu kai,hi,,,2025-06-29T02:47:00.021297+00:00,[]
1071,1,One,嗯嗯那你還有喜歡什麼嗎,,,2025-06-29T02:48:01.167818+00:00,[]
1072,1,One,剛才AI產出的故事我覺得蠻像一個住在鐘里的,,,2025-06-29T02:48:37.909328+00:00,[]
1073,1,One,男孩,,,2025-06-29T02:48:43.243967+00:00,[]
1074,1,yu kai,你有看過路人超能嗎  哈哈哈,,,2025-06-29T02:48:47.846655+00:00,[]
1075,1,yu kai,糟糕  我看過的真的不多,,,2025-06-29T02:49:12.981996+00:00,[]
1076,1,One,沒有,,,2025-06-29T02:49:14.425447+00:00,[]
1077,1,One,我是記得的不多哈哈,,,2025-06-29T02:49:25.508359+00:00,[]
1078,1,yu kai,不然還是以我們比較熟悉的哈利波特為主好了,,,2025-06-29T02:50:20.373312+00:00,[]
1079,1,One,給你看現在AI給我的故事,,,2025-06-29T02:51:15.394437+00:00,[]
1080,1,One,"### 世界觀

故事設定在一座歷史悠久卻正逐漸被現代化吞噬的城市。城市中心有一座古老的時鐘塔，塔頂籠罩著流動的雲霧，蘊藏著城市各時期的記憶。當城市籠罩濃霧時，記憶便受封存在雲霧中；唯有「記憶守護者」方能調動這份力量。

### 主線

小嵐自小由祖母撫養長大，直到祖母過世，才知家族肩負守護城市記憶的職責。她努力學習調節時鐘塔的節奏，能於雲霧中喚出城市過往讓人親歷。一天，有男孩阿瑋前來，請求她找回因意外失蹤的父母。兩人踏入雲霧記憶世界，經歷過去城市的片段，逐步發現阿瑋父母消失之因，及他們內心的羈絆。

### 角色

- 小嵐：女主角，現任記憶守護者，對責任與家族過往充滿疑惑，但極富同理心。
- 阿瑋：小男孩，堅持尋找失蹤父母，內心敏感且渴望家庭。
- 阿瑋父母（回憶裡呈現）：城市的一份子，因事故陷於雲霧記憶世界，靈魂停滯過去。
- 城市居民（雲霧記憶中的片段人物）

### 衝突

一開始，小嵐對能力缺乏信心，僅能調節最簡單的記憶片段。當阿瑋執意不願離開雲霧記憶，只想一再重溫與父母的時光時，雲霧變得混濁，記憶開始扭曲，甚至連現實世界的時間也加快流逝。小嵐面臨兩難——幫助阿瑋重逢父母，但又要守住自己的職責，避免所有人被困過去。

### 轉折

在一次失控的記憶召喚中，小嵐也看見了自己兒時與祖母的片段，明白守護記憶的用意不是「讓人停在過去」，而是提醒人珍惜當下、勇敢前行。她認清，只有帶著這份經歷與遺憾回到現實，才能讓愛延續並創造新的故事。

### 結局方向

小嵐說服阿瑋和她一同步出雲霧，雖無法將父母帶回人世，但阿瑋接受了過去，學會了帶著記憶生活。城市再度晴朗，時鐘塔安穩運轉。小嵐正式承認自己的身份，將守護城市的記憶作為未來使命，用雲霧記憶提醒離散的人彼此連結，也讓這座城市的未來充滿希望。

---

#### 故事內容（約830字）

午夜時分，小嵐站在時鐘塔頂，手指旋轉著古舊的鐘面。隨著節奏劃過，乳白色的雲霧在腳邊升起，逐漸包裹全城。她微閉雙眼，每一次呼吸彷彿都能嚐到過往的氣息。自從祖母走後，小嵐繼承了守護記憶的職責，但城市的變遷與她的茫然始終糾纏不休。　

這天，塔下迎來一位陌生的小男孩——阿瑋。他怯生生說明來意：「姐姐，妳能幫我找到爸爸媽媽嗎？」從他眼中，小嵐看見了不安與期盼。於是她點頭，領著阿瑋一起步入雲霧，走進代表某個時代的記憶片段中。

在那裡，有擁擠的菜市場、小巷裡追逐嬉戲的人群；更遠處，則是某年除夕夜，火樹銀花下，一家三口的笑聲。阿瑋帶著希望奔跑，想緊緊抓住父母的身影，小嵐則一邊調整節拍，試圖維持記憶的穩定。

然而，時間的流動變得異常，雲霧開始變濃、變冷，城市的輪廓隱約扭曲。小嵐意識到，過多逗留過去，竟會侵蝕現實的清晰。她拉住深陷回憶的阿瑋：「不能再繼續下去了。如果一直停留在這裡，我們也會消失。」

阿瑋哭喊：「現實裡，他們已經沒有回來的希望了！在這裡，我還有機會陪著他們。」

淚光閃爍下，小嵐想起自己和祖母的最後一夜。相同的月色，相同的思念。那時祖母輕聲說：「守護記憶的人，要教大家回頭溫習、也要帶他們繼續向前。」

小嵐溫柔地擁住阿瑋：「記憶是我們的寶貝，但更重要的是走下去。這樣，愛才會一直在我們心裡。」

她領著阿瑋，一步步走回現實。雲霧散盡，晨光乍現。阿瑋擦乾眼淚，懂得了如何與逝去的人道別，帶著回憶，勇敢生活。小嵐抬頭望向時鐘塔——這座城市的記憶得以守護，只因每個人都能在愛裡前行。

時鐘塔報時的鐘聲，悠遠而清晰，渲染整座城市溫暖的未來。",,,2025-06-29T02:51:16.946570+00:00,[]
1081,1,yu kai,抱歉，故事太抽象了,,,2025-06-29T02:57:31.328466+00:00,[]
1082,1,yu kai,我的國文沒那麼好~,,,2025-06-29T02:57:51.392135+00:00,[]
1083,1,yu kai,稍為整理了一下,,,2025-06-29T02:58:06.314684+00:00,[]
1020,1,One,嗨嗨你好～,,,2025-06-29T02:07:32.616494+00:00,[]
1021,1,One,你有喜歡哪類型的故事嗎？,,,2025-06-29T02:07:38.569005+00:00,[]
1022,1,yu kai,hi,,,2025-06-29T02:08:36.585810+00:00,[]
1023,1,yu kai,跟世界觀設定有關的故事,,,2025-06-29T02:09:12.984532+00:00,[]
1024,1,yu kai,感覺蠻有趣的,,,2025-06-29T02:09:27.488243+00:00,[]
1025,1,yu kai,你呢,,,2025-06-29T02:09:31.855985+00:00,[]
1026,1,yu kai,hi,,,2025-06-29T02:16:41.498257+00:00,[]
1027,1,One,嗨,,,2025-06-29T02:18:36.816773+00:00,[]
1028,1,One,你說世界觀是指像,,,2025-06-29T02:19:04.933300+00:00,[]
1029,1,One,你說世界觀是指像,,,2025-06-29T02:19:05.404823+00:00,[]
1084,1,yu kai,"起
小嵐繼承祖母的職責，成為記憶守護者。某天，她在城市中遇見迷茫孤單的阿瑋。

承
小嵐發現阿瑋因父母離世而傷心，無法走出陰影。於是，她邀請阿瑋一起探索時鐘塔與遺落的雲霧記憶。

轉
在旅途中，阿瑋重溫與父母的回憶，歷經歡笑與淚水，也遇上失落與掙扎，甚至一度想要放棄。

合
最終，阿瑋學會接受父母的離開，發現愛與回憶仍在心中。他帶著新的勇氣面對未來，而小嵐也更加理解守護記憶的意義。",,,2025-06-29T02:58:20.325793+00:00,[]
1030,1,One,哈利波特的那類嗎,,,2025-06-29T02:19:17.891318+00:00,[]
1031,1,One,我蠻喜歡哈利波特或,,,2025-06-29T02:21:36.898468+00:00,[]
1032,1,One,我蠻喜歡哈利波特或暮光之城那類的,,,2025-06-29T02:21:46.515792+00:00,[]
1033,1,yu kai,我也蠻喜歡哈利波特的,,,2025-06-29T02:21:52.717028+00:00,[]
1034,1,One,那我們往這方向？,,,2025-06-29T02:22:12.209398+00:00,[]
1035,1,yu kai,但還沒看過目光之城,,,2025-06-29T02:22:17.867080+00:00,[]
1036,1,yu kai,好呀  是個不錯的建議,,,2025-06-29T02:23:56.422417+00:00,[]
1085,1,One,你有想像這故事適合的年齡層大概是多大年紀嗎～？,,,2025-06-29T03:00:57.356805+00:00,[]
1037,1,One,剛才AI有給我幾個覺得不錯的方向,,,2025-06-29T02:30:54.004986+00:00,[]
1038,1,One,"3. 逆轉或鎖定命運
雲霧與鐘聲結合，能暫停、逆轉或加速特定時刻，主角可用以拯救或改變事件，但過度干預會產生後果。",,,2025-06-29T02:30:59.042935+00:00,[]
1039,1,One,"5. 城市記憶守護者
雲霧裡藏著城市過去的記憶，主角能牽引出過往事件重現於塔上空間，調整節奏可讓人短暫經歷那些片段。",,,2025-06-29T02:31:03.384546+00:00,[]
1086,1,yu kai,偏幼稚嗎  哈哈,,,2025-06-29T03:01:45.066854+00:00,[]
1040,1,One,這類型是你有興趣的嗎？,,,2025-06-29T02:32:50.652852+00:00,[]
1041,1,yu kai,有興趣，但希望不要太複雜,,,2025-06-29T02:35:10.209549+00:00,[]
1042,1,yu kai,我怕我的腦袋跟不上,,,2025-06-29T02:35:26.140860+00:00,[]
1043,1,One,哈哈哈好～,,,2025-06-29T02:35:59.673759+00:00,[]
1044,1,One,應該就簡單的故事就可以了,,,2025-06-29T02:36:22.659248+00:00,[]
1045,1,yu kai,我的腦袋目前都是哈利波特的劇情,,,2025-06-29T02:37:55.058505+00:00,[]
1046,1,One,哈利波特太複雜了ＸＤ,,,2025-06-29T02:38:15.617770+00:00,[]
1047,1,One,看好幾次還搞不太清楚,,,2025-06-29T02:38:28.915002+00:00,[]
1048,1,yu kai,真的,,,2025-06-29T02:38:41.681566+00:00,[]
1049,1,yu kai,我可是4刷了呢,,,2025-06-29T02:38:59.606678+00:00,[]
1050,1,One,我以前一年看一次,,,2025-06-29T02:39:11.775191+00:00,[]
1051,1,One,看完還要去看youtube解說,,,2025-06-29T02:39:28.267508+00:00,[]
1052,1,yu kai,很多解說真的都很神秘,,,2025-06-29T02:39:58.277613+00:00,[]
1053,1,yu kai,像是去年的國王十字車站,,,2025-06-29T02:40:34.813929+00:00,[]
1054,1,One,我沒看過這個,,,2025-06-29T02:41:28.718384+00:00,[]
1055,1,One,我沒看過這個,,,2025-06-29T02:41:28.742247+00:00,[]
1056,1,One,你有看過奧術,,,2025-06-29T02:41:36.355980+00:00,[]
1057,1,One,你有看過奧術嗎,,,2025-06-29T02:41:38.937357+00:00,[]
1058,1,One,我剛一直想到,,,2025-06-29T02:41:46.727296+00:00,[]
1059,1,yu kai,沒有耶,,,2025-06-29T02:42:10.939286+00:00,[]
1060,1,yu kai,你平常都看甚麼類型的呢,,,2025-06-29T02:43:00.642780+00:00,[]
1061,1,yu kai,我覺得我們應該整合一些類似的,,,2025-06-29T02:43:23.576518+00:00,[]
1062,1,One,我是有人推薦就會去看，類型都不太一樣,,,2025-06-29T02:43:48.750674+00:00,[]
1063,1,One,整合類似的是什麼意思,,,2025-06-29T02:44:27.706454+00:00,[]
1064,1,One,你說參考他們的故事世界觀嗎,,,2025-06-29T02:44:42.904283+00:00,[]
1087,1,One,也不是幼稚，就感覺是給小朋友看的，也可以～～,,,2025-06-29T03:02:11.062528+00:00,[]
1088,1,yu kai,沒關係,,,2025-06-29T03:02:18.083877+00:00,[]
1089,1,yu kai,我們可以讓她更適合大人,,,2025-06-29T03:02:32.264309+00:00,[]
1090,1,One,嗯嗯可能先確定我們想要的年齡層,,,2025-06-29T03:03:05.130912+00:00,[]
1091,1,One,然後再給故事一些細節,,,2025-06-29T03:03:19.771794+00:00,[]
1092,1,yu kai,我比較害怕在沒充足討論的情況下,,,2025-06-29T03:05:17.882367+00:00,[]
1093,1,yu kai,故事被我自己生成出來了,,,2025-06-29T03:05:34.780480+00:00,[]
1094,1,yu kai,我正在思考要怎麼討論呢,,,2025-06-29T03:06:59.884040+00:00,[]
1095,1,One,嗯嗯我也是～,,,2025-06-29T03:07:14.160035+00:00,[]
1096,1,yu kai,你有想要,,,2025-06-29T03:08:30.899211+00:00,[]
1097,1,One,如果我們回到前面勒～現在想要的方向是跟魔法相關,,,2025-06-29T03:08:36.805319+00:00,[]
1098,1,yu kai,我有個想法,,,2025-06-29T03:08:42.023990+00:00,[]
1099,1,yu kai,我們重來一次,,,2025-06-29T03:08:50.755462+00:00,[]
1100,1,One,嗯嗯好～～,,,2025-06-29T03:08:58.287826+00:00,[]
1101,1,One,嗯嗯好～～,,,2025-06-29T03:08:58.548120+00:00,[]
1102,1,yu kai,我們內容目前，魔法、適合大人閱讀,,,2025-06-29T03:10:02.698719+00:00,[]
1103,1,yu kai,還有什麼想新增的條件呢,,,2025-06-29T03:10:20.312664+00:00,[]
1104,1,One,我覺得可以參考哈利波特，但因為他已經是魔法界的頂了，會希望世界觀有點不同，是沒聽過的故事,,,2025-06-29T03:10:45.455246+00:00,[]
1105,1,yu kai,好呀,,,2025-06-29T03:10:53.414714+00:00,[]
1106,1,yu kai,沒問題，我喜歡這個點子,,,2025-06-29T03:11:08.054338+00:00,[]
1107,1,One,好～那我們就用這個三個方向,,,2025-06-29T03:12:09.185560+00:00,[]
1108,1,yu kai,那時間和背景呢,,,2025-06-29T03:12:50.841817+00:00,[]
1109,1,yu kai,像是夕陽西下之類的XD,,,2025-06-29T03:13:23.842311+00:00,[]
1110,1,One,哈哈哈哈這麼明確的時間嗎,,,2025-06-29T03:13:37.247759+00:00,[]
1111,1,yu kai,舉例而已啦,,,2025-06-29T03:13:53.968665+00:00,[]
1112,1,yu kai,也可以是半夢半醒的清晨,,,2025-06-29T03:14:45.549885+00:00,[]
1113,1,One,喔喔我想像的時間可能是現在，但他麼是另個平行時空,,,2025-06-29T03:15:10.885910+00:00,[]
1114,1,yu kai,看你喜歡怎麼樣的,,,2025-06-29T03:15:23.776061+00:00,[]
1115,1,One,清晨感覺不錯,,,2025-06-29T03:15:54.526263+00:00,[]
1116,1,One,清晨感覺不錯,,,2025-06-29T03:15:54.649166+00:00,[]
1117,1,One,好像比較少故事是發生在傾城,,,2025-06-29T03:16:04.925953+00:00,[]
1119,1,yu kai,恩恩  像進入9又3/4月台後的時空,,,2025-06-29T03:16:29.929475+00:00,[]
1118,1,One,好像比較少故事是發生在清晨,,,2025-06-29T03:16:14.121966+00:00,"[""yu kai""]"
1120,1,One,那主角是會魔法的人嗎？還是整個故事的人都會魔法～,,,2025-06-29T03:17:17.618235+00:00,[]
1121,1,yu kai,你比較喜歡怎麼樣的呢,,,2025-06-29T03:17:42.202538+00:00,[]
1122,1,yu kai,還是主角是後天努力才會的,,,2025-06-29T03:18:07.464442+00:00,[]
1123,1,One,可以椰～這樣變成是要透過努力的人就有機會有魔法？,,,2025-06-29T03:18:36.644147+00:00,[]
1124,1,One,或是主角頓悟ＸＤ,,,2025-06-29T03:18:49.614446+00:00,[]
1125,1,yu kai,蠻不錯的耶,可以椰～這樣變成是要透過努力的人就有機會有魔法？,One,2025-06-29T03:19:22.990659+00:00,[]
1126,1,One,那他的魔法會是什麼類型的呀？有媒介嗎,,,2025-06-29T03:20:00.875913+00:00,[]
1127,1,yu kai,阿 我想到了，主角原先是麻瓜，後來因為某些原因才知道魔法的存在,,,2025-06-29T03:21:42.165125+00:00,[]
1128,1,yu kai,知道後開始努力學習，並查閱相關書籍,,,2025-06-29T03:22:21.174894+00:00,[]
1129,1,One,像是無意間發現有人在使用魔法，然後開始研究學習嗎,,,2025-06-29T03:22:32.747518+00:00,[]
1130,1,yu kai,對對對,,,2025-06-29T03:22:38.053964+00:00,[]
1131,1,One,變成第一個會使用魔法的麻瓜,,,2025-06-29T03:22:44.723435+00:00,[]
1132,1,yu kai,可以  我喜歡,,,2025-06-29T03:22:57.390415+00:00,[]
1133,1,One,嗯嗯那他是正派還是反派哈哈,,,2025-06-29T03:23:24.881648+00:00,[]
1134,1,yu kai,你比較喜歡哪派呢,,,2025-06-29T03:24:06.559970+00:00,[]
1135,1,One,感覺偏反派比較有故事轉折,,,2025-06-29T03:24:58.214106+00:00,[]
1136,1,yu kai,好呀,,,2025-06-29T03:26:17.929250+00:00,[]
1137,1,yu kai,那他做了怎麼樣的壞事呢,,,2025-06-29T03:26:48.487554+00:00,[]
1138,1,One,好難唷～想不到什麼有創意的壞事,,,2025-06-29T03:27:16.315332+00:00,[]
1139,1,yu kai,愛惡作劇?,,,2025-06-29T03:27:45.540640+00:00,[]
1140,1,One,哈哈哈可以～感覺很可愛,,,2025-06-29T03:27:56.274096+00:00,[]
1141,1,One,那結局會是哪種？,,,2025-06-29T03:28:37.292379+00:00,[]
1142,1,One,改邪歸正嗎,,,2025-06-29T03:28:41.433391+00:00,[]
1143,1,yu kai,如果是依然調皮，但後來懂得收斂，怎麼樣呢,,,2025-06-29T03:29:28.505922+00:00,[]
1144,1,One,那讓他改變有什麼關鍵原因嗎？,,,2025-06-29T03:29:57.205973+00:00,[]
1145,1,yu kai,對  我正在想這個,,,2025-06-29T03:30:10.311154+00:00,[]
1146,1,yu kai,遇到他被喜歡的女生討厭?,,,2025-06-29T03:32:11.720234+00:00,[]
1147,1,yu kai,我想不到了,,,2025-06-29T03:32:43.790127+00:00,[]
1148,1,One,哈哈哈好呀～,,,2025-06-29T03:32:55.395816+00:00,[]
1149,1,One,他用魔法去追女生，結果失敗,,,2025-06-29T03:33:00.649356+00:00,[]
1150,1,yu kai,還是被路人阿罵臭罵了一頓,,,2025-06-29T03:33:38.280823+00:00,[]
1151,1,One,那他感覺蠻乖的噎 被罵就收斂了XD,,,2025-06-29T03:34:18.485353+00:00,[]
1152,1,yu kai,的確不太可能,,,2025-06-29T03:34:35.585218+00:00,[]
1153,1,One,如果這個勒,,,2025-06-29T03:35:38.746028+00:00,[]
1154,1,One,3. 魔法副作用：頻繁惡作劇導致他的魔力產生異變，每次搗蛋後會不可預測地短暫失控，最後一次險些傷及他在乎的人。,,,2025-06-29T03:35:44.356777+00:00,[]
1155,1,One,傷到他喜歡的人,,,2025-06-29T03:35:50.548344+00:00,[]
1156,1,yu kai,好耶,,,2025-06-29T03:36:11.880437+00:00,[]
1157,1,yu kai,再加上他原先不知道有副作用?,,,2025-06-29T03:36:29.587333+00:00,[]
1158,1,One,嗯嗯好呀～,,,2025-06-29T03:36:41.491351+00:00,[]
1159,1,yu kai,我先試寫看看,,,2025-06-29T03:38:39.764099+00:00,[]
1160,1,One,嗯嗯～我也試試,,,2025-06-29T03:40:31.997280+00:00,[]
